﻿<?xml version="1.0" encoding="utf-8" ?>
<Comments>
  <Comment>
    <Value>Perfect composition and processing {0}.&lt;br&gt;Hope you are doing great my friend!</Value>
  </Comment>
  <Comment>
    <Value>Very cinepatographic look and feel&lt;br&gt;Hope you are doing great my friend!</Value>
  </Comment>
    <Comment>
    <Value>Stunning documentary {0}. &lt;br&gt;Hope you are doing great my friend!</Value>
  </Comment>
    <Comment>
    <Value >Beautiful work {0}!&lt;br&gt;Hope you are doing great my friend!</Value>
  </Comment>
  <Comment>
    <Value >Fine work {0}!&lt;br&gt;Hope you are doing great my friend!</Value>
  </Comment>
  <Comment>
    <Value >Stunning work {0}!&lt;br&gt;Hope you are doing great my friend!</Value>
  </Comment>
  <Comment>
    <Value >Real masterpiece {0}&lt;br&gt;Hope you are doing great my friend!</Value>
  </Comment>
  <Comment>
    <Value >Superb work {0}!&lt;br&gt;Hope you are doing great my friend!</Value>
  </Comment>
  <Comment>
    <Value >Top class art work here!&lt;br&gt;Hope you are doing great my friend!</Value>
  </Comment>
  <Comment>
    <Value >Absolutely gorgeous art work!</Value>
  </Comment>
  <Comment>
    <Value >Very lovely!&lt;br&gt;Hope you are doing great my friend!</Value>
  </Comment>
  <Comment>
    <Value >I love this work of art!&lt;br&gt;Hope you are doing great my friend!</Value>
  </Comment>
  <Comment>
    <Value >Top league image quality!&lt;br&gt;Hope you are doing great my friend!</Value>
  </Comment>
  <Comment>
    <Value >Excellent work {0}!&lt;br&gt;Hope you are doing great my friend!</Value>
  </Comment>
  <Comment>
    <Value >Very creative!&lt;br&gt;Well done {0}!&lt;br&gt;Hope you are doing great my friend!</Value>
  </Comment>
  <Comment>
    <Value >Stunning work Bro][er!</Value>
  </Comment>
  <Comment>
    <Value >Stunning work bratello!</Value>
  </Comment>
  <Comment>
    <Value >Absolutely beautiful shot!&lt;br&gt;Bravo {0}!</Value>
  </Comment>
  <Comment>
    <Value >Excellent capture!&lt;br&gt;Bravo {0}!&lt;br&gt;</Value>
  </Comment>
  <Comment>
    <Value >Fantatsic shot!&lt;br&gt;Hope you are doing great my friend!</Value>
  </Comment>
  <Comment>
    <Value >What an amazing catch!&lt;br&gt;Bravo {0}!&lt;br&gt;</Value>
  </Comment>
  <Comment >
    <Value >Beautiful capture!&lt;br&gt;Bravo {0}!&lt;br&gt;</Value>
  </Comment>
  <Comment>
    <Value >Просто великолепно!</Value>
  </Comment>
  <Comment>
    <Value >Прекрасная работа! Высший класс!</Value>
  </Comment>
  <Comment>
    <Value >Отличная работа!</Value>
  </Comment>
  <Comment>
    <Value>Исключительно красиво!</Value>
  </Comment>
  <Comment>
    <Value >Beautiful shot!!! Well done!!!</Value>
  </Comment>
</Comments>
